
{
    "songaApp": {
        "basketStatus" : {
            "home": {
                "title": "Basket Statuses",
                "createLabel": "Create a new Basket Status",
                "createOrEditLabel": "Create or edit a Basket Status"
            },
            "created": "A new Basket Status is created with identifier {{ param }}",
            "updated": "A Basket Status is updated with identifier {{ param }}",
            "deleted": "A Basket Status is deleted with identifier {{ param }}",
            "delete": {
                "question": "Are you sure you want to delete Basket Status {{ id }}?"
            },
            "detail": {
                "title": "Basket Status"
            },
            "name": "Name",
            "description": "Description"
        }
    }
}
