
{
    "songaApp": {
        "contacts" : {
            "home": {
                "title": "Contacts",
                "createLabel": "Create a new Contacts",
                "createOrEditLabel": "Create or edit a Contacts"
            },
            "created": "A new Contacts is created with identifier {{ param }}",
            "updated": "A Contacts is updated with identifier {{ param }}",
            "deleted": "A Contacts is deleted with identifier {{ param }}",
            "delete": {
                "question": "Are you sure you want to delete Contacts {{ id }}?"
            },
            "detail": {
                "title": "Contacts"
            },
            "email": "Email",
            "fax": "Fax",
            "telephone": "Telephone",
            "cellphone": "Cellphone",
            "pages": "Pages",
            "supplier": "Supplier",
            "customer": "Customer"
        }
    }
}
