
{
    "songaApp": {
        "customer" : {
            "home": {
                "title": "Customers",
                "createLabel": "Create a new Customer",
                "createOrEditLabel": "Create or edit a Customer"
            },
            "created": "A new Customer is created with identifier {{ param }}",
            "updated": "A Customer is updated with identifier {{ param }}",
            "deleted": "A Customer is deleted with identifier {{ param }}",
            "delete": {
                "question": "Are you sure you want to delete Customer {{ id }}?"
            },
            "detail": {
                "title": "Customer"
            },
            "firstName": "First Name",
            "lastName": "Last Name",
            "title": "Title",
            "dateOfBirth": "Date Of Birth",
            "gender": "Gender",
            "cellphoneNumber": "Cellphone Number",
            "user": "User"
        }
    }
}
