
{
    "songaApp": {
        "intouchPaymentCallback" : {
            "home": {
                "title": "Intouch Payment Callbacks",
                "createLabel": "Create a new Intouch Payment Callback",
                "createOrEditLabel": "Create or edit a Intouch Payment Callback"
            },
            "created": "A new Intouch Payment Callback is created with identifier {{ param }}",
            "updated": "A Intouch Payment Callback is updated with identifier {{ param }}",
            "deleted": "A Intouch Payment Callback is deleted with identifier {{ param }}",
            "delete": {
                "question": "Are you sure you want to delete Intouch Payment Callback {{ id }}?"
            },
            "detail": {
                "title": "Intouch Payment Callback"
            },
            "serviceId": "Service Id",
            "inTouchTransactionId": "In Touch Transaction Id",
            "status": "Status",
            "callbackUrl": "Callback Url",
            "commission": "Commission",
            "dateTime": "Date Time",
            "paymentResponse": "Payment Response"
        }
    }
}
