
{
    "songaApp": {
        "intouchPaymentResponse" : {
            "home": {
                "title": "Intouch Payment Responses",
                "createLabel": "Create a new Intouch Payment Response",
                "createOrEditLabel": "Create or edit a Intouch Payment Response"
            },
            "created": "A new Intouch Payment Response is created with identifier {{ param }}",
            "updated": "A Intouch Payment Response is updated with identifier {{ param }}",
            "deleted": "A Intouch Payment Response is deleted with identifier {{ param }}",
            "delete": {
                "question": "Are you sure you want to delete Intouch Payment Response {{ id }}?"
            },
            "detail": {
                "title": "Intouch Payment Response"
            },
            "idFromClient": "Id From Client",
            "idFromGU": "Id From GU",
            "amount": "Amount",
            "serviceCode": "Service Code",
            "recipientNumber": "Recipient Number",
            "dateTime": "Date Time",
            "serverDateTime": "Server Date Time",
            "status": "Status",
            "fees": "Fees",
            "message": "Message",
            "basket": "Basket"
        }
    }
}
