
{
    "songaApp": {
        "intouchCallbackOrders" : {
            "home": {
                "title": "Intouch Callback Orders",
                "createLabel": "Create a new Intouch Callback Orders",
                "createOrEditLabel": "Create or edit a Intouch Callback Orders"
            },
            "created": "A new Intouch Callback Orders is created with identifier {{ param }}",
            "updated": "A Intouch Callback Orders is updated with identifier {{ param }}",
            "deleted": "A Intouch Callback Orders is deleted with identifier {{ param }}",
            "delete": {
                "question": "Are you sure you want to delete Intouch Callback Orders {{ id }}?"
            },
            "detail": {
                "title": "Intouch Callback Orders"
            },
            "orders": "Orders",
            "callback": "Callback"
        }
    }
}
