
{
    "songaApp": {
        "merchandise" : {
            "home": {
                "title": "Merchandises",
                "createLabel": "Create a new Merchandise",
                "createOrEditLabel": "Create or edit a Merchandise"
            },
            "created": "A new Merchandise is created with identifier {{ param }}",
            "updated": "A Merchandise is updated with identifier {{ param }}",
            "deleted": "A Merchandise is deleted with identifier {{ param }}",
            "delete": {
                "question": "Are you sure you want to delete Merchandise {{ id }}?"
            },
            "detail": {
                "title": "Merchandise"
            },
            "name": "Name",
            "description": "Description"
        }
    }
}
