
{
    "songaApp": {
        "orderStatus" : {
            "home": {
                "title": "Order Statuses",
                "createLabel": "Create a new Order Status",
                "createOrEditLabel": "Create or edit a Order Status"
            },
            "created": "A new Order Status is created with identifier {{ param }}",
            "updated": "A Order Status is updated with identifier {{ param }}",
            "deleted": "A Order Status is deleted with identifier {{ param }}",
            "delete": {
                "question": "Are you sure you want to delete Order Status {{ id }}?"
            },
            "detail": {
                "title": "Order Status"
            },
            "statusDate": "Status Date",
            "orderingStatus": "Ordering Status",
            "orders": "Orders"
        }
    }
}
