
{
    "songaApp": {
        "orderingStatus" : {
            "home": {
                "title": "Ordering Statuses",
                "createLabel": "Create a new Ordering Status",
                "createOrEditLabel": "Create or edit a Ordering Status"
            },
            "created": "A new Ordering Status is created with identifier {{ param }}",
            "updated": "A Ordering Status is updated with identifier {{ param }}",
            "deleted": "A Ordering Status is deleted with identifier {{ param }}",
            "delete": {
                "question": "Are you sure you want to delete Ordering Status {{ id }}?"
            },
            "detail": {
                "title": "Ordering Status"
            },
            "name": "Name",
            "description": "Description"
        }
    }
}
