
{
    "songaApp": {
        "orders" : {
            "home": {
                "title": "Orders",
                "createLabel": "Create a new Orders",
                "createOrEditLabel": "Create or edit a Orders"
            },
            "created": "A new Orders is created with identifier {{ param }}",
            "updated": "A Orders is updated with identifier {{ param }}",
            "deleted": "A Orders is deleted with identifier {{ param }}",
            "delete": {
                "question": "Are you sure you want to delete Orders {{ id }}?"
            },
            "detail": {
                "title": "Orders"
            },
            "mainOrderSequenceId": "Main Order Sequence Id",
            "paymentReference": "Payment Reference",
            "ordersDate": "Orders Date",
            "deliveryDetails": "Delivery Details"
        }
    }
}
