
{
    "songaApp": {
        "orderCustomer" : {
            "home": {
                "title": "Order Customers",
                "createLabel": "Create a new Order Customer",
                "createOrEditLabel": "Create or edit a Order Customer"
            },
            "created": "A new Order Customer is created with identifier {{ param }}",
            "updated": "A Order Customer is updated with identifier {{ param }}",
            "deleted": "A Order Customer is deleted with identifier {{ param }}",
            "delete": {
                "question": "Are you sure you want to delete Order Customer {{ id }}?"
            },
            "detail": {
                "title": "Order Customer"
            },
            "order": "Order",
            "customer": "Customer"
        }
    }
}
