
{
    "songaApp": {
        "orderDeliveryDetails" : {
            "home": {
                "title": "Order Delivery Details",
                "createLabel": "Create a new Order Delivery Details",
                "createOrEditLabel": "Create or edit a Order Delivery Details"
            },
            "created": "A new Order Delivery Details is created with identifier {{ param }}",
            "updated": "A Order Delivery Details is updated with identifier {{ param }}",
            "deleted": "A Order Delivery Details is deleted with identifier {{ param }}",
            "delete": {
                "question": "Are you sure you want to delete Order Delivery Details {{ id }}?"
            },
            "detail": {
                "title": "Order Delivery Details"
            },
            "deliveryDate": "Delivery Date",
            "collectorsName": "Collectors Name",
            "collectorsCellphoneNumber": "Collectors Cellphone Number",
            "collectorsEmail": "Collectors Email"
        }
    }
}
