
{
    "songaApp": {
        "orderDeliveryDetailsImages" : {
            "home": {
                "title": "Order Delivery Details Images",
                "createLabel": "Create a new Order Delivery Details Images",
                "createOrEditLabel": "Create or edit a Order Delivery Details Images"
            },
            "created": "A new Order Delivery Details Images is created with identifier {{ param }}",
            "updated": "A Order Delivery Details Images is updated with identifier {{ param }}",
            "deleted": "A Order Delivery Details Images is deleted with identifier {{ param }}",
            "delete": {
                "question": "Are you sure you want to delete Order Delivery Details Images {{ id }}?"
            },
            "detail": {
                "title": "Order Delivery Details Images"
            },
            "orderDeliveryDetail": "Order Delivery Detail",
            "image": "Image"
        }
    }
}
