
{
    "songaApp": {
        "orderReview" : {
            "home": {
                "title": "Order Reviews",
                "createLabel": "Create a new Order Review",
                "createOrEditLabel": "Create or edit a Order Review"
            },
            "created": "A new Order Review is created with identifier {{ param }}",
            "updated": "A Order Review is updated with identifier {{ param }}",
            "deleted": "A Order Review is deleted with identifier {{ param }}",
            "delete": {
                "question": "Are you sure you want to delete Order Review {{ id }}?"
            },
            "detail": {
                "title": "Order Review"
            },
            "review": "Review",
            "order": "Order"
        }
    }
}
