
{
    "songaApp": {
        "orderItem" : {
            "home": {
                "title": "Order Items",
                "createLabel": "Create a new Order Item",
                "createOrEditLabel": "Create or edit a Order Item"
            },
            "created": "A new Order Item is created with identifier {{ param }}",
            "updated": "A Order Item is updated with identifier {{ param }}",
            "deleted": "A Order Item is deleted with identifier {{ param }}",
            "delete": {
                "question": "Are you sure you want to delete Order Item {{ id }}?"
            },
            "detail": {
                "title": "Order Item"
            },
            "mainOrderSequenceId": "Main Order Sequence Id",
            "quantity": "Quantity",
            "unitPrice": "Unit Price",
            "estimatedDeliveryDate": "Estimated Delivery Date",
            "customer": "Customer",
            "orders": "Orders",
            "product": "Product",
            "productFeature": "Product Feature",
            "status": "Status",
            "currency": "Currency"
        }
    }
}
