
{
    "songaApp": {
        "payingStatus" : {
            "home": {
                "title": "Paying Statuses",
                "createLabel": "Create a new Paying Status",
                "createOrEditLabel": "Create or edit a Paying Status"
            },
            "created": "A new Paying Status is created with identifier {{ param }}",
            "updated": "A Paying Status is updated with identifier {{ param }}",
            "deleted": "A Paying Status is deleted with identifier {{ param }}",
            "delete": {
                "question": "Are you sure you want to delete Paying Status {{ id }}?"
            },
            "detail": {
                "title": "Paying Status"
            },
            "name": "Name",
            "description": "Description"
        }
    }
}
