
{
    "songaApp": {
        "paymentFee" : {
            "home": {
                "title": "Payment Fees",
                "createLabel": "Create a new Payment Fee",
                "createOrEditLabel": "Create or edit a Payment Fee"
            },
            "created": "A new Payment Fee is created with identifier {{ param }}",
            "updated": "A Payment Fee is updated with identifier {{ param }}",
            "deleted": "A Payment Fee is deleted with identifier {{ param }}",
            "delete": {
                "question": "Are you sure you want to delete Payment Fee {{ id }}?"
            },
            "detail": {
                "title": "Payment Fee"
            },
            "code": "Code",
            "rate": "Rate",
            "description": "Description",
            "from": "From",
            "to": "To"
        }
    }
}
