
{
    "songaApp": {
        "payment" : {
            "home": {
                "title": "Payments",
                "createLabel": "Create a new Payment",
                "createOrEditLabel": "Create or edit a Payment"
            },
            "created": "A new Payment is created with identifier {{ param }}",
            "updated": "A Payment is updated with identifier {{ param }}",
            "deleted": "A Payment is deleted with identifier {{ param }}",
            "delete": {
                "question": "Are you sure you want to delete Payment {{ id }}?"
            },
            "detail": {
                "title": "Payment"
            },
            "mainOrderSequenceId": "Main Order Sequence Id",
            "paymentDate": "Payment Date",
            "amount": "Amount",
            "paymentType": "Payment Type",
            "productsBasket": "Products Basket"
        }
    }
}
