
{
    "songaApp": {
        "paymentStatus" : {
            "home": {
                "title": "Payment Statuses",
                "createLabel": "Create a new Payment Status",
                "createOrEditLabel": "Create or edit a Payment Status"
            },
            "created": "A new Payment Status is created with identifier {{ param }}",
            "updated": "A Payment Status is updated with identifier {{ param }}",
            "deleted": "A Payment Status is deleted with identifier {{ param }}",
            "delete": {
                "question": "Are you sure you want to delete Payment Status {{ id }}?"
            },
            "detail": {
                "title": "Payment Status"
            },
            "paymentDate": "Payment Date",
            "paymentStatusReference": "Payment Status Reference"
        }
    }
}
