
{
    "songaApp": {
        "payPalResponse" : {
            "home": {
                "title": "Pay Pal Responses",
                "createLabel": "Create a new Pay Pal Response",
                "createOrEditLabel": "Create or edit a Pay Pal Response"
            },
            "created": "A new Pay Pal Response is created with identifier {{ param }}",
            "updated": "A Pay Pal Response is updated with identifier {{ param }}",
            "deleted": "A Pay Pal Response is deleted with identifier {{ param }}",
            "delete": {
                "question": "Are you sure you want to delete Pay Pal Response {{ id }}?"
            },
            "detail": {
                "title": "Pay Pal Response"
            },
            "data": "Data",
            "date": "Date",
            "order": "Order"
        }
    }
}
