
{
    "songaApp": {
        "price" : {
            "home": {
                "title": "Prices",
                "createLabel": "Create a new Price",
                "createOrEditLabel": "Create or edit a Price"
            },
            "created": "A new Price is created with identifier {{ param }}",
            "updated": "A Price is updated with identifier {{ param }}",
            "deleted": "A Price is deleted with identifier {{ param }}",
            "delete": {
                "question": "Are you sure you want to delete Price {{ id }}?"
            },
            "detail": {
                "title": "Price"
            },
            "fromDate": "From Date",
            "toDate": "To Date",
            "value": "Value",
            "product": "Product"
        }
    }
}
