
{
    "songaApp": {
        "productImages" : {
            "home": {
                "title": "Product Images",
                "createLabel": "Create a new Product Images",
                "createOrEditLabel": "Create or edit a Product Images"
            },
            "created": "A new Product Images is created with identifier {{ param }}",
            "updated": "A Product Images is updated with identifier {{ param }}",
            "deleted": "A Product Images is deleted with identifier {{ param }}",
            "delete": {
                "question": "Are you sure you want to delete Product Images {{ id }}?"
            },
            "detail": {
                "title": "Product Images"
            },
            "imageRanking": "Image Ranking",
            "product": "Product",
            "image": "Image"
        }
    }
}
