
{
    "songaApp": {
        "productBasket" : {
            "home": {
                "title": "Product Baskets",
                "createLabel": "Create a new Product Basket",
                "createOrEditLabel": "Create or edit a Product Basket"
            },
            "created": "A new Product Basket is created with identifier {{ param }}",
            "updated": "A Product Basket is updated with identifier {{ param }}",
            "deleted": "A Product Basket is deleted with identifier {{ param }}",
            "delete": {
                "question": "Are you sure you want to delete Product Basket {{ id }}?"
            },
            "detail": {
                "title": "Product Basket"
            },
            "quantity": "Quantity",
            "price": "Price",
            "product": "Product",
            "basket": "Basket"
        }
    }
}
