
{
    "songaApp": {
        "productFeatureType" : {
            "home": {
                "title": "Product Feature Types",
                "createLabel": "Create a new Product Feature Type",
                "createOrEditLabel": "Create or edit a Product Feature Type"
            },
            "created": "A new Product Feature Type is created with identifier {{ param }}",
            "updated": "A Product Feature Type is updated with identifier {{ param }}",
            "deleted": "A Product Feature Type is deleted with identifier {{ param }}",
            "delete": {
                "question": "Are you sure you want to delete Product Feature Type {{ id }}?"
            },
            "detail": {
                "title": "Product Feature Type"
            },
            "name": "Name",
            "description": "Description"
        }
    }
}
