
{
    "songaApp": {
        "productFeature" : {
            "home": {
                "title": "Product Features",
                "createLabel": "Create a new Product Feature",
                "createOrEditLabel": "Create or edit a Product Feature"
            },
            "created": "A new Product Feature is created with identifier {{ param }}",
            "updated": "A Product Feature is updated with identifier {{ param }}",
            "deleted": "A Product Feature is deleted with identifier {{ param }}",
            "delete": {
                "question": "Are you sure you want to delete Product Feature {{ id }}?"
            },
            "detail": {
                "title": "Product Feature"
            },
            "name": "Name",
            "description": "Description",
            "featureType": "Feature Type",
            "product": "Product"
        }
    }
}
