
{
    "songaApp": {
        "productsBasket" : {
            "home": {
                "title": "Products Baskets",
                "createLabel": "Create a new Products Basket",
                "createOrEditLabel": "Create or edit a Products Basket"
            },
            "created": "A new Products Basket is created with identifier {{ param }}",
            "updated": "A Products Basket is updated with identifier {{ param }}",
            "deleted": "A Products Basket is deleted with identifier {{ param }}",
            "delete": {
                "question": "Are you sure you want to delete Products Basket {{ id }}?"
            },
            "detail": {
                "title": "Products Basket"
            },
            "quantity": "Quantity",
            "price": "Price",
            "product": "Product",
            "basket": "Basket"
        }
    }
}
