
{
    "songaApp": {
        "product" : {
            "home": {
                "title": "Products",
                "createLabel": "Create a new Product",
                "createOrEditLabel": "Create or edit a Product"
            },
            "created": "A new Product is created with identifier {{ param }}",
            "updated": "A Product is updated with identifier {{ param }}",
            "deleted": "A Product is deleted with identifier {{ param }}",
            "delete": {
                "question": "Are you sure you want to delete Product {{ id }}?"
            },
            "detail": {
                "title": "Product"
            },
            "name": "Name",
            "description": "Description",
            "productType": "Product Type",
            "quantiyPerUnit": "Quantiy Per Unit",
            "unitsInStock": "Units In Stock",
            "reOrderLevel": "Re-Order Level",
            "features": "Product features (Size, colour, etc)"
        }
    }
}
