
{
    "songaApp": {
        "retailType" : {
            "home": {
                "title": "Retail Types",
                "createLabel": "Create a new Retail Type",
                "createOrEditLabel": "Create or edit a Retail Type"
            },
            "created": "A new Retail Type is created with identifier {{ param }}",
            "updated": "A Retail Type is updated with identifier {{ param }}",
            "deleted": "A Retail Type is deleted with identifier {{ param }}",
            "delete": {
                "question": "Are you sure you want to delete Retail Type {{ id }}?"
            },
            "detail": {
                "title": "Retail Type"
            },
            "name": "Name",
            "description": "Description"
        }
    }
}
