
{
    "songaApp": {
        "songaRate" : {
            "home": {
                "title": "Songa Rates",
                "createLabel": "Create a new Songa Rate",
                "createOrEditLabel": "Create or edit a Songa Rate"
            },
            "created": "A new Songa Rate is created with identifier {{ param }}",
            "updated": "A Songa Rate is updated with identifier {{ param }}",
            "deleted": "A Songa Rate is deleted with identifier {{ param }}",
            "delete": {
                "question": "Are you sure you want to delete Songa Rate {{ id }}?"
            },
            "detail": {
                "title": "Songa Rate"
            },
            "from": "From",
            "to": "To",
            "rate": "Rate"
        }
    }
}
