
{
    "songaApp": {
        "songaUser" : {
            "home": {
                "title": "Songa Users",
                "createLabel": "Create a new Songa User",
                "createOrEditLabel": "Create or edit a Songa User"
            },
            "created": "A new Songa User is created with identifier {{ param }}",
            "updated": "A Songa User is updated with identifier {{ param }}",
            "deleted": "A Songa User is deleted with identifier {{ param }}",
            "delete": {
                "question": "Are you sure you want to delete Songa User {{ id }}?"
            },
            "detail": {
                "title": "Songa User"
            }
        }
    }
}
