
{
    "songaApp": {
        "specialOffer" : {
            "home": {
                "title": "Special Offers",
                "createLabel": "Create a new Special Offer",
                "createOrEditLabel": "Create or edit a Special Offer"
            },
            "created": "A new Special Offer is created with identifier {{ param }}",
            "updated": "A Special Offer is updated with identifier {{ param }}",
            "deleted": "A Special Offer is deleted with identifier {{ param }}",
            "delete": {
                "question": "Are you sure you want to delete Special Offer {{ id }}?"
            },
            "detail": {
                "title": "Special Offer"
            },
            "fromDate": "From Date",
            "toDate": "To Date",
            "value": "Value",
            "product": "Product",
            "specialOfferType": "Special Offer Type"
        }
    }
}
