
{
    "songaApp": {
        "specialOfferType" : {
            "home": {
                "title": "Special Offer Types",
                "createLabel": "Create a new Special Offer Type",
                "createOrEditLabel": "Create or edit a Special Offer Type"
            },
            "created": "A new Special Offer Type is created with identifier {{ param }}",
            "updated": "A Special Offer Type is updated with identifier {{ param }}",
            "deleted": "A Special Offer Type is deleted with identifier {{ param }}",
            "delete": {
                "question": "Are you sure you want to delete Special Offer Type {{ id }}?"
            },
            "detail": {
                "title": "Special Offer Type"
            },
            "name": "Name",
            "description": "Description"
        }
    }
}
