
{
    "songaApp": {
        "supplier" : {
            "title": "Supplier",
            "home": {
                "title": "Suppliers",
                "createLabel": "Create a new Supplier",
                "createOrEditLabel": "Create or edit a Supplier"
            },
            "created": "A new Supplier is created with identifier {{ param }}",
            "updated": "A Supplier is updated with identifier {{ param }}",
            "deleted": "A Supplier is deleted with identifier {{ param }}",
            "delete": {
                "question": "Are you sure you want to delete Supplier {{ id }}?"
            },
            "detail": {
                "title": "Supplier"
            },
            "shortName": "Short Name",
            "longName": "Long Name",
            "operatingHours": "Operating Hours",
            "vatNumber": "Vat Number",
            "supplierBankDetails": "Supplier Bank Details",
            "orangeMoneyNumber": "Orange Money Number",
            "description": "Description",
            "longitude": "Longitude",
            "latitude": "Latitude",
            "contactPerson": "Contact Person",
            "retailType": "Retail Type",
            "currency": "Currency",
            "address": "address"
        }
    }
}
