
{
    "songaApp": {
        "supplierMerchandise" : {
            "home": {
                "title": "Supplier Merchandises",
                "createLabel": "Create a new Supplier Merchandise",
                "createOrEditLabel": "Create or edit a Supplier Merchandise"
            },
            "created": "A new Supplier Merchandise is created with identifier {{ param }}",
            "updated": "A Supplier Merchandise is updated with identifier {{ param }}",
            "deleted": "A Supplier Merchandise is deleted with identifier {{ param }}",
            "delete": {
                "question": "Are you sure you want to delete Supplier Merchandise {{ id }}?"
            },
            "detail": {
                "title": "Supplier Merchandise"
            }
        }
    }
}
