
{
    "songaApp": {
        "supplierProducts" : {
            "home": {
                "title": "Supplier Products",
                "createLabel": "Create a new Supplier Products",
                "createOrEditLabel": "Create or edit a Supplier Products"
            },
            "created": "A new Supplier Products is created with identifier {{ param }}",
            "updated": "A Supplier Products is updated with identifier {{ param }}",
            "deleted": "A Supplier Products is deleted with identifier {{ param }}",
            "delete": {
                "question": "Are you sure you want to delete Supplier Products {{ id }}?"
            },
            "detail": {
                "title": "Supplier Products"
            },
            "supplier": "Supplier",
            "product": "Product"
        }
    }
}
