
{
    "songaApp": {
        "authority" : {
            "home": {
                "title": "Authorities",
                "createLabel": "Créer un nouveau Authority",
                "createOrEditLabel": "Créer ou éditer un Authority"
            },
            "created": "Un nouveau Authority a été créé avec l'identifiant {{ param }}",
            "updated": "Le Authority avec l'identifiant {{ param }} a été mis à jour",
            "deleted": "Le Authority avec l'identifiant {{ param }} a été supprimé",
            "delete": {
                "question": "Etes-vous certain de vouloir supprimer le Authority {{ id }} ?"
            },
            "detail": {
                "title": "Authority"
            },
            "name": "Name"
        }
    }
}
