
{
    "songaApp": {
        "basket" : {
            "home": {
                "title": "Baskets",
                "createLabel": "Créer un nouveau Basket",
                "createOrEditLabel": "Créer ou éditer un Basket"
            },
            "created": "Un nouveau Basket a été créé avec l'identifiant {{ param }}",
            "updated": "Le Basket avec l'identifiant {{ param }} a été mis à jour",
            "deleted": "Le Basket avec l'identifiant {{ param }} a été supprimé",
            "delete": {
                "question": "Etes-vous certain de vouloir supprimer le Basket {{ id }} ?"
            },
            "detail": {
                "title": "Basket"
            },
            "basketDateAdded": "Basket Date Added",
            "basketStatus": "Basket Status",
            "customer": "Customer"
        }
    }
}
