
{
    "songaApp": {
        "basketStatus" : {
            "home": {
                "title": "BasketStatuses",
                "createLabel": "Créer un nouveau Basket Status",
                "createOrEditLabel": "Créer ou éditer un Basket Status"
            },
            "created": "Un nouveau Basket Status a été créé avec l'identifiant {{ param }}",
            "updated": "Le Basket Status avec l'identifiant {{ param }} a été mis à jour",
            "deleted": "Le Basket Status avec l'identifiant {{ param }} a été supprimé",
            "delete": {
                "question": "Etes-vous certain de vouloir supprimer le Basket Status {{ id }} ?"
            },
            "detail": {
                "title": "Basket Status"
            },
            "name": "Name",
            "description": "Description"
        }
    }
}
