
{
    "songaApp": {
        "contacts" : {
            "home": {
                "title": "Contacts",
                "createLabel": "Créer un nouveau Contacts",
                "createOrEditLabel": "Créer ou éditer un Contacts"
            },
            "created": "Un nouveau Contacts a été créé avec l'identifiant {{ param }}",
            "updated": "Le Contacts avec l'identifiant {{ param }} a été mis à jour",
            "deleted": "Le Contacts avec l'identifiant {{ param }} a été supprimé",
            "delete": {
                "question": "Etes-vous certain de vouloir supprimer le Contacts {{ id }} ?"
            },
            "detail": {
                "title": "Contacts"
            },
            "email": "Email",
            "fax": "Fax",
            "telephone": "Telephone",
            "cellphone": "Cellphone",
            "pages": "Pages",
            "supplier": "Supplier",
            "customer": "Customer"
        }
    }
}
