
{
    "songaApp": {
        "customer" : {
            "home": {
                "title": "Customers",
                "createLabel": "Créer un nouveau Customer",
                "createOrEditLabel": "Créer ou éditer un Customer"
            },
            "created": "Un nouveau Customer a été créé avec l'identifiant {{ param }}",
            "updated": "Le Customer avec l'identifiant {{ param }} a été mis à jour",
            "deleted": "Le Customer avec l'identifiant {{ param }} a été supprimé",
            "delete": {
                "question": "Etes-vous certain de vouloir supprimer le Customer {{ id }} ?"
            },
            "detail": {
                "title": "Customer"
            },
            "firstName": "First Name",
            "lastName": "Last Name",
            "title": "Title",
            "dateOfBirth": "Date Of Birth",
            "gender": "Gender",
            "user": "User"
        }
    }
}
