
{
    "songaApp": {
        "intouchPaymentResponse" : {
            "home": {
                "title": "IntouchPaymentResponses",
                "createLabel": "Créer un nouveau Intouch Payment Response",
                "createOrEditLabel": "Créer ou éditer un Intouch Payment Response"
            },
            "created": "Un nouveau Intouch Payment Response a été créé avec l'identifiant {{ param }}",
            "updated": "Le Intouch Payment Response avec l'identifiant {{ param }} a été mis à jour",
            "deleted": "Le Intouch Payment Response avec l'identifiant {{ param }} a été supprimé",
            "delete": {
                "question": "Etes-vous certain de vouloir supprimer le Intouch Payment Response {{ id }} ?"
            },
            "detail": {
                "title": "Intouch Payment Response"
            },
            "idFromClient": "Id From Client",
            "idFromGU": "Id From GU",
            "amount": "Amount",
            "serviceCode": "Service Code",
            "recipientNumber": "Recipient Number",
            "dateTime": "Date Time",
            "serverDateTime": "Server Date Time",
            "status": "Status",
            "fees": "Fees",
            "message": "Message",
            "basket": "Basket"
        }
    }
}
