
{
    "songaApp": {
        "intouchPaymentCallback" : {
            "home": {
                "title": "IntouchPaymentCallbacks",
                "createLabel": "Créer un nouveau Intouch Payment Callback",
                "createOrEditLabel": "Créer ou éditer un Intouch Payment Callback"
            },
            "created": "Un nouveau Intouch Payment Callback a été créé avec l'identifiant {{ param }}",
            "updated": "Le Intouch Payment Callback avec l'identifiant {{ param }} a été mis à jour",
            "deleted": "Le Intouch Payment Callback avec l'identifiant {{ param }} a été supprimé",
            "delete": {
                "question": "Etes-vous certain de vouloir supprimer le Intouch Payment Callback {{ id }} ?"
            },
            "detail": {
                "title": "Intouch Payment Callback"
            },
            "serviceId": "Service Id",
            "inTouchTransactionId": "In Touch Transaction Id",
            "status": "Status",
            "callbackUrl": "Callback Url",
            "commission": "Commission",
            "dateTime": "Date Time",
            "paymentResponse": "Payment Response"
        }
    }
}
