
{
    "songaApp": {
        "intouchCallbackOrders" : {
            "home": {
                "title": "IntouchCallbackOrders",
                "createLabel": "Créer un nouveau Intouch Callback Orders",
                "createOrEditLabel": "Créer ou éditer un Intouch Callback Orders"
            },
            "created": "Un nouveau Intouch Callback Orders a été créé avec l'identifiant {{ param }}",
            "updated": "Le Intouch Callback Orders avec l'identifiant {{ param }} a été mis à jour",
            "deleted": "Le Intouch Callback Orders avec l'identifiant {{ param }} a été supprimé",
            "delete": {
                "question": "Etes-vous certain de vouloir supprimer le Intouch Callback Orders {{ id }} ?"
            },
            "detail": {
                "title": "Intouch Callback Orders"
            },
            "orders": "Orders",
            "callback": "Callback"
        }
    }
}
