
{
    "songaApp": {
        "merchandise" : {
            "home": {
                "title": "Merchandises",
                "createLabel": "Créer un nouveau Merchandise",
                "createOrEditLabel": "Créer ou éditer un Merchandise"
            },
            "created": "Un nouveau Merchandise a été créé avec l'identifiant {{ param }}",
            "updated": "Le Merchandise avec l'identifiant {{ param }} a été mis à jour",
            "deleted": "Le Merchandise avec l'identifiant {{ param }} a été supprimé",
            "delete": {
                "question": "Etes-vous certain de vouloir supprimer le Merchandise {{ id }} ?"
            },
            "detail": {
                "title": "Merchandise"
            },
            "name": "Name",
            "description": "Description"
        }
    }
}
