
{
    "songaApp": {
        "orderDeliveryDetailsImages" : {
            "home": {
                "title": "OrderDeliveryDetailsImages",
                "createLabel": "Créer un nouveau Order Delivery Details Images",
                "createOrEditLabel": "Créer ou éditer un Order Delivery Details Images"
            },
            "created": "Un nouveau Order Delivery Details Images a été créé avec l'identifiant {{ param }}",
            "updated": "Le Order Delivery Details Images avec l'identifiant {{ param }} a été mis à jour",
            "deleted": "Le Order Delivery Details Images avec l'identifiant {{ param }} a été supprimé",
            "delete": {
                "question": "Etes-vous certain de vouloir supprimer le Order Delivery Details Images {{ id }} ?"
            },
            "detail": {
                "title": "Order Delivery Details Images"
            },
            "orderDeliveryDetail": "Order Delivery Detail",
            "image": "Image"
        }
    }
}
