
{
    "songaApp": {
        "orderStatus" : {
            "home": {
                "title": "OrderStatuses",
                "createLabel": "Créer un nouveau Order Status",
                "createOrEditLabel": "Créer ou éditer un Order Status"
            },
            "created": "Un nouveau Order Status a été créé avec l'identifiant {{ param }}",
            "updated": "Le Order Status avec l'identifiant {{ param }} a été mis à jour",
            "deleted": "Le Order Status avec l'identifiant {{ param }} a été supprimé",
            "delete": {
                "question": "Etes-vous certain de vouloir supprimer le Order Status {{ id }} ?"
            },
            "detail": {
                "title": "Order Status"
            },
            "statusDate": "Status Date",
            "orderingStatus": "Ordering Status",
            "orders": "Orders"
        }
    }
}
