
{
    "songaApp": {
        "orderCustomer" : {
            "home": {
                "title": "OrderCustomers",
                "createLabel": "Créer un nouveau Order Customer",
                "createOrEditLabel": "Créer ou éditer un Order Customer"
            },
            "created": "Un nouveau Order Customer a été créé avec l'identifiant {{ param }}",
            "updated": "Le Order Customer avec l'identifiant {{ param }} a été mis à jour",
            "deleted": "Le Order Customer avec l'identifiant {{ param }} a été supprimé",
            "delete": {
                "question": "Etes-vous certain de vouloir supprimer le Order Customer {{ id }} ?"
            },
            "detail": {
                "title": "Order Customer"
            },
            "order": "Order",
            "customer": "Customer"
        }
    }
}
