
{
    "songaApp": {
        "orderingStatus" : {
            "home": {
                "title": "OrderingStatuses",
                "createLabel": "Créer un nouveau Ordering Status",
                "createOrEditLabel": "Créer ou éditer un Ordering Status"
            },
            "created": "Un nouveau Ordering Status a été créé avec l'identifiant {{ param }}",
            "updated": "Le Ordering Status avec l'identifiant {{ param }} a été mis à jour",
            "deleted": "Le Ordering Status avec l'identifiant {{ param }} a été supprimé",
            "delete": {
                "question": "Etes-vous certain de vouloir supprimer le Ordering Status {{ id }} ?"
            },
            "detail": {
                "title": "Ordering Status"
            },
            "name": "Name",
            "description": "Description"
        }
    }
}
