
{
    "songaApp": {
        "orderDeliveryDetails" : {
            "home": {
                "title": "OrderDeliveryDetails",
                "createLabel": "Créer un nouveau Order Delivery Details",
                "createOrEditLabel": "Créer ou éditer un Order Delivery Details"
            },
            "created": "Un nouveau Order Delivery Details a été créé avec l'identifiant {{ param }}",
            "updated": "Le Order Delivery Details avec l'identifiant {{ param }} a été mis à jour",
            "deleted": "Le Order Delivery Details avec l'identifiant {{ param }} a été supprimé",
            "delete": {
                "question": "Etes-vous certain de vouloir supprimer le Order Delivery Details {{ id }} ?"
            },
            "detail": {
                "title": "Order Delivery Details"
            },
            "deliveryDate": "Delivery Date",
            "collectorsName": "Collectors Name",
            "collectorsCellphoneNumber": "Collectors Cellphone Number",
            "collectorsEmail": "Collectors Email"
        }
    }
}
