
{
    "songaApp": {
        "orders" : {
            "home": {
                "title": "Orders",
                "createLabel": "Créer un nouveau Orders",
                "createOrEditLabel": "Créer ou éditer un Orders"
            },
            "created": "Un nouveau Orders a été créé avec l'identifiant {{ param }}",
            "updated": "Le Orders avec l'identifiant {{ param }} a été mis à jour",
            "deleted": "Le Orders avec l'identifiant {{ param }} a été supprimé",
            "delete": {
                "question": "Etes-vous certain de vouloir supprimer le Orders {{ id }} ?"
            },
            "detail": {
                "title": "Orders"
            },
            "mainOrderSequenceId": "Main Order Sequence Id",
            "paymentReference": "Payment Reference",
            "ordersDate": "Orders Date",
            "deliveryDetails": "Delivery Details"
        }
    }
}
