
{
    "songaApp": {
        "orderReview" : {
            "home": {
                "title": "OrderReviews",
                "createLabel": "Créer un nouveau Order Review",
                "createOrEditLabel": "Créer ou éditer un Order Review"
            },
            "created": "Un nouveau Order Review a été créé avec l'identifiant {{ param }}",
            "updated": "Le Order Review avec l'identifiant {{ param }} a été mis à jour",
            "deleted": "Le Order Review avec l'identifiant {{ param }} a été supprimé",
            "delete": {
                "question": "Etes-vous certain de vouloir supprimer le Order Review {{ id }} ?"
            },
            "detail": {
                "title": "Order Review"
            },
            "review": "Review",
            "order": "Order"
        }
    }
}
