
{
    "songaApp": {
        "payingStatus" : {
            "home": {
                "title": "PayingStatuses",
                "createLabel": "Créer un nouveau Paying Status",
                "createOrEditLabel": "Créer ou éditer un Paying Status"
            },
            "created": "Un nouveau Paying Status a été créé avec l'identifiant {{ param }}",
            "updated": "Le Paying Status avec l'identifiant {{ param }} a été mis à jour",
            "deleted": "Le Paying Status avec l'identifiant {{ param }} a été supprimé",
            "delete": {
                "question": "Etes-vous certain de vouloir supprimer le Paying Status {{ id }} ?"
            },
            "detail": {
                "title": "Paying Status"
            },
            "name": "Name",
            "description": "Description"
        }
    }
}
