
{
    "songaApp": {
        "paymentFee" : {
            "home": {
                "title": "PaymentFees",
                "createLabel": "Créer un nouveau Payment Fee",
                "createOrEditLabel": "Créer ou éditer un Payment Fee"
            },
            "created": "Un nouveau Payment Fee a été créé avec l'identifiant {{ param }}",
            "updated": "Le Payment Fee avec l'identifiant {{ param }} a été mis à jour",
            "deleted": "Le Payment Fee avec l'identifiant {{ param }} a été supprimé",
            "delete": {
                "question": "Etes-vous certain de vouloir supprimer le Payment Fee {{ id }} ?"
            },
            "detail": {
                "title": "Payment Fee"
            },
            "code": "Code",
            "rate": "Rate",
            "description": "Description",
            "from": "From",
            "to": "To"
        }
    }
}
