
{
    "songaApp": {
        "paymentStatus" : {
            "home": {
                "title": "PaymentStatuses",
                "createLabel": "Créer un nouveau Payment Status",
                "createOrEditLabel": "Créer ou éditer un Payment Status"
            },
            "created": "Un nouveau Payment Status a été créé avec l'identifiant {{ param }}",
            "updated": "Le Payment Status avec l'identifiant {{ param }} a été mis à jour",
            "deleted": "Le Payment Status avec l'identifiant {{ param }} a été supprimé",
            "delete": {
                "question": "Etes-vous certain de vouloir supprimer le Payment Status {{ id }} ?"
            },
            "detail": {
                "title": "Payment Status"
            },
            "paymentDate": "Payment Date",
            "paymentStatusReference": "Payment Status Reference"
        }
    }
}
