
{
    "songaApp": {
        "paymentType" : {
            "home": {
                "title": "PaymentTypes",
                "createLabel": "Créer un nouveau Payment Type",
                "createOrEditLabel": "Créer ou éditer un Payment Type"
            },
            "created": "Un nouveau Payment Type a été créé avec l'identifiant {{ param }}",
            "updated": "Le Payment Type avec l'identifiant {{ param }} a été mis à jour",
            "deleted": "Le Payment Type avec l'identifiant {{ param }} a été supprimé",
            "delete": {
                "question": "Etes-vous certain de vouloir supprimer le Payment Type {{ id }} ?"
            },
            "detail": {
                "title": "Payment Type"
            },
            "name": "Name",
            "description": "Description"
        }
    }
}
