
{
    "songaApp": {
        "payPalResponse" : {
            "home": {
                "title": "PayPalResponses",
                "createLabel": "Créer un nouveau Pay Pal Response",
                "createOrEditLabel": "Créer ou éditer un Pay Pal Response"
            },
            "created": "Un nouveau Pay Pal Response a été créé avec l'identifiant {{ param }}",
            "updated": "Le Pay Pal Response avec l'identifiant {{ param }} a été mis à jour",
            "deleted": "Le Pay Pal Response avec l'identifiant {{ param }} a été supprimé",
            "delete": {
                "question": "Etes-vous certain de vouloir supprimer le Pay Pal Response {{ id }} ?"
            },
            "detail": {
                "title": "Pay Pal Response"
            },
            "data": "Data",
            "date": "Date",
            "order": "Order"
        }
    }
}
