
{
    "songaApp": {
        "productFeature" : {
            "home": {
                "title": "ProductFeatures",
                "createLabel": "Créer un nouveau Product Feature",
                "createOrEditLabel": "Créer ou éditer un Product Feature"
            },
            "created": "Un nouveau Product Feature a été créé avec l'identifiant {{ param }}",
            "updated": "Le Product Feature avec l'identifiant {{ param }} a été mis à jour",
            "deleted": "Le Product Feature avec l'identifiant {{ param }} a été supprimé",
            "delete": {
                "question": "Etes-vous certain de vouloir supprimer le Product Feature {{ id }} ?"
            },
            "detail": {
                "title": "Product Feature"
            },
            "name": "Name",
            "description": "Description",
            "featureType": "Feature Type",
            "product": "Product"
        }
    }
}
