
{
    "songaApp": {
        "productFeatureType" : {
            "home": {
                "title": "ProductFeatureTypes",
                "createLabel": "Créer un nouveau Product Feature Type",
                "createOrEditLabel": "Créer ou éditer un Product Feature Type"
            },
            "created": "Un nouveau Product Feature Type a été créé avec l'identifiant {{ param }}",
            "updated": "Le Product Feature Type avec l'identifiant {{ param }} a été mis à jour",
            "deleted": "Le Product Feature Type avec l'identifiant {{ param }} a été supprimé",
            "delete": {
                "question": "Etes-vous certain de vouloir supprimer le Product Feature Type {{ id }} ?"
            },
            "detail": {
                "title": "Product Feature Type"
            },
            "name": "Name",
            "description": "Description"
        }
    }
}
