
{
    "songaApp": {
        "product" : {
            "home": {
                "title": "Products",
                "createLabel": "Créer un nouveau Product",
                "createOrEditLabel": "Créer ou éditer un Product"
            },
            "created": "Un nouveau Product a été créé avec l'identifiant {{ param }}",
            "updated": "Le Product avec l'identifiant {{ param }} a été mis à jour",
            "deleted": "Le Product avec l'identifiant {{ param }} a été supprimé",
            "delete": {
                "question": "Etes-vous certain de vouloir supprimer le Product {{ id }} ?"
            },
            "detail": {
                "title": "Product"
            },
            "name": "Name",
            "description": "Description",
            "productType": "Product Type",
            "quantiyPerUnit": "Quantiy Per Unit",
            "unitsInStock": "Units In Stock",
            "reOrderLevel": "Re Order Level"
        }
    }
}
