
{
    "songaApp": {
        "productImages" : {
            "home": {
                "title": "ProductImages",
                "createLabel": "Créer un nouveau Product Images",
                "createOrEditLabel": "Créer ou éditer un Product Images"
            },
            "created": "Un nouveau Product Images a été créé avec l'identifiant {{ param }}",
            "updated": "Le Product Images avec l'identifiant {{ param }} a été mis à jour",
            "deleted": "Le Product Images avec l'identifiant {{ param }} a été supprimé",
            "delete": {
                "question": "Etes-vous certain de vouloir supprimer le Product Images {{ id }} ?"
            },
            "detail": {
                "title": "Product Images"
            },
            "imageRanking": "Image Ranking",
            "product": "Product",
            "image": "Image"
        }
    }
}
