
{
    "songaApp": {
        "productBasket" : {
            "home": {
                "title": "ProductBaskets",
                "createLabel": "Créer un nouveau Product Basket",
                "createOrEditLabel": "Créer ou éditer un Product Basket"
            },
            "created": "Un nouveau Product Basket a été créé avec l'identifiant {{ param }}",
            "updated": "Le Product Basket avec l'identifiant {{ param }} a été mis à jour",
            "deleted": "Le Product Basket avec l'identifiant {{ param }} a été supprimé",
            "delete": {
                "question": "Etes-vous certain de vouloir supprimer le Product Basket {{ id }} ?"
            },
            "detail": {
                "title": "Product Basket"
            },
            "quantity": "Quantity",
            "price": "Price",
            "product": "Product",
            "basket": "Basket"
        }
    }
}
