
{
    "songaApp": {
        "productsBasket" : {
            "home": {
                "title": "ProductsBaskets",
                "createLabel": "Créer un nouveau Products Basket",
                "createOrEditLabel": "Créer ou éditer un Products Basket"
            },
            "created": "Un nouveau Products Basket a été créé avec l'identifiant {{ param }}",
            "updated": "Le Products Basket avec l'identifiant {{ param }} a été mis à jour",
            "deleted": "Le Products Basket avec l'identifiant {{ param }} a été supprimé",
            "delete": {
                "question": "Etes-vous certain de vouloir supprimer le Products Basket {{ id }} ?"
            },
            "detail": {
                "title": "Products Basket"
            },
            "quantity": "Quantity",
            "price": "Price",
            "product": "Product",
            "basket": "Basket"
        }
    }
}
