
{
    "songaApp": {
        "retailType" : {
            "home": {
                "title": "RetailTypes",
                "createLabel": "Créer un nouveau Retail Type",
                "createOrEditLabel": "Créer ou éditer un Retail Type"
            },
            "created": "Un nouveau Retail Type a été créé avec l'identifiant {{ param }}",
            "updated": "Le Retail Type avec l'identifiant {{ param }} a été mis à jour",
            "deleted": "Le Retail Type avec l'identifiant {{ param }} a été supprimé",
            "delete": {
                "question": "Etes-vous certain de vouloir supprimer le Retail Type {{ id }} ?"
            },
            "detail": {
                "title": "Retail Type"
            },
            "name": "Name",
            "description": "Description"
        }
    }
}
