
{
    "songaApp": {
        "songaRate" : {
            "home": {
                "title": "SongaRates",
                "createLabel": "Créer un nouveau Songa Rate",
                "createOrEditLabel": "Créer ou éditer un Songa Rate"
            },
            "created": "Un nouveau Songa Rate a été créé avec l'identifiant {{ param }}",
            "updated": "Le Songa Rate avec l'identifiant {{ param }} a été mis à jour",
            "deleted": "Le Songa Rate avec l'identifiant {{ param }} a été supprimé",
            "delete": {
                "question": "Etes-vous certain de vouloir supprimer le Songa Rate {{ id }} ?"
            },
            "detail": {
                "title": "Songa Rate"
            },
            "from": "From",
            "to": "To",
            "rate": "Rate"
        }
    }
}
