
{
    "songaApp": {
        "songaUser" : {
            "home": {
                "title": "SongaUsers",
                "createLabel": "Créer un nouveau Songa User",
                "createOrEditLabel": "Créer ou éditer un Songa User"
            },
            "created": "Un nouveau Songa User a été créé avec l'identifiant {{ param }}",
            "updated": "Le Songa User avec l'identifiant {{ param }} a été mis à jour",
            "deleted": "Le Songa User avec l'identifiant {{ param }} a été supprimé",
            "delete": {
                "question": "Etes-vous certain de vouloir supprimer le Songa User {{ id }} ?"
            },
            "detail": {
                "title": "Songa User"
            }
        }
    }
}
