
{
    "songaApp": {
        "specialOffer" : {
            "home": {
                "title": "SpecialOffers",
                "createLabel": "Créer un nouveau Special Offer",
                "createOrEditLabel": "Créer ou éditer un Special Offer"
            },
            "created": "Un nouveau Special Offer a été créé avec l'identifiant {{ param }}",
            "updated": "Le Special Offer avec l'identifiant {{ param }} a été mis à jour",
            "deleted": "Le Special Offer avec l'identifiant {{ param }} a été supprimé",
            "delete": {
                "question": "Etes-vous certain de vouloir supprimer le Special Offer {{ id }} ?"
            },
            "detail": {
                "title": "Special Offer"
            },
            "fromDate": "From Date",
            "toDate": "To Date",
            "value": "Value",
            "product": "Product",
            "specialOfferType": "Special Offer Type"
        }
    }
}
