
{
    "songaApp": {
        "specialOfferType" : {
            "home": {
                "title": "SpecialOfferTypes",
                "createLabel": "Créer un nouveau Special Offer Type",
                "createOrEditLabel": "Créer ou éditer un Special Offer Type"
            },
            "created": "Un nouveau Special Offer Type a été créé avec l'identifiant {{ param }}",
            "updated": "Le Special Offer Type avec l'identifiant {{ param }} a été mis à jour",
            "deleted": "Le Special Offer Type avec l'identifiant {{ param }} a été supprimé",
            "delete": {
                "question": "Etes-vous certain de vouloir supprimer le Special Offer Type {{ id }} ?"
            },
            "detail": {
                "title": "Special Offer Type"
            },
            "name": "Name",
            "description": "Description"
        }
    }
}
