
{
    "songaApp": {
        "supplierMerchandise" : {
            "home": {
                "title": "SupplierMerchandises",
                "createLabel": "Créer un nouveau Supplier Merchandise",
                "createOrEditLabel": "Créer ou éditer un Supplier Merchandise"
            },
            "created": "Un nouveau Supplier Merchandise a été créé avec l'identifiant {{ param }}",
            "updated": "Le Supplier Merchandise avec l'identifiant {{ param }} a été mis à jour",
            "deleted": "Le Supplier Merchandise avec l'identifiant {{ param }} a été supprimé",
            "delete": {
                "question": "Etes-vous certain de vouloir supprimer le Supplier Merchandise {{ id }} ?"
            },
            "detail": {
                "title": "Supplier Merchandise"
            }
        }
    }
}
