
{
    "songaApp": {
        "supplier" : {
            "home": {
                "title": "Suppliers",
                "createLabel": "Créer un nouveau Supplier",
                "createOrEditLabel": "Créer ou éditer un Supplier"
            },
            "created": "Un nouveau Supplier a été créé avec l'identifiant {{ param }}",
            "updated": "Le Supplier avec l'identifiant {{ param }} a été mis à jour",
            "deleted": "Le Supplier avec l'identifiant {{ param }} a été supprimé",
            "delete": {
                "question": "Etes-vous certain de vouloir supprimer le Supplier {{ id }} ?"
            },
            "detail": {
                "title": "Supplier"
            },
            "shortName": "Short Name",
            "longName": "Long Name",
            "operatingHours": "Operating Hours",
            "vatNumber": "Vat Number",
            "supplierBankDetails": "Supplier Bank Details",
            "orangeMoneyNumber": "Orange Money Number",
            "description": "Description",
            "longitude": "Longitude",
            "latitude": "Latitude",
            "contactPerson": "Contact Person",
            "retailType": "Retail Type",
            "currency": "Currency"
        }
    }
}
