
{
    "songaApp": {
        "supplierProducts" : {
            "home": {
                "title": "SupplierProducts",
                "createLabel": "Créer un nouveau Supplier Products",
                "createOrEditLabel": "Créer ou éditer un Supplier Products"
            },
            "created": "Un nouveau Supplier Products a été créé avec l'identifiant {{ param }}",
            "updated": "Le Supplier Products avec l'identifiant {{ param }} a été mis à jour",
            "deleted": "Le Supplier Products avec l'identifiant {{ param }} a été supprimé",
            "delete": {
                "question": "Etes-vous certain de vouloir supprimer le Supplier Products {{ id }} ?"
            },
            "detail": {
                "title": "Supplier Products"
            },
            "supplier": "Supplier",
            "product": "Product"
        }
    }
}
